<data>
    <domeny>
            <domena id="www.sinoptik.pl"></domena>
            <domena id="www.fizyka.pw.edu.pl"></domena>
            <domena id="www.w3schools.com"></domena>
            <domena id="www.stackoverflow.com"></domena>
            <domena id="www.the-flow.ru"></domena>
            <domena id="www.habr.com"></domena>
            <domena id="www.podatki.gov.pl"></domena>
            <domena id="www.pkobp.pl"></domena>
            <domena id="www.gov.pl"></domena>
            <domena id="www.mon.gov.ua"></domena>
            <domena id="www.github.com"></domena>
            <domena id="www.nawa.gov.pl"></domena>
            <domena id="www.wp.pl"></domena>
            <domena id="www.onet.pl"></domena>
            <domena id="www.kwejk.pl"></domena>
            <domena id="www.udemy.com"></domena>
            <domena id="www.youtube.com"></domena>
            <domena id="www.google.com"></domena>
            <domena id="www.facebook.com"></domena>
            <domena id="www.yandex.ru"></domena>
    </domeny>
</data>